timestamp,label,url,strategy,performance_score,lcp_ms,fcp_ms,cls,tbt_ms,speed_index_ms,tti_ms,opportunities_count,top_opportunity,error
2026-09-23T14:02:31Z,Portada (Home),https://filux.com/es/,mobile,,,,,,,,0,,HTTP Error 429: Too Many Requests
2026-09-23T14:02:31Z,Portada (Home),https://filux.com/es/,desktop,,,,,,,,0,,HTTP Error 429: Too Many Requests
2026-09-23T14:02:31Z,Catálogo - Campanas Industriales,https://filux.com/es/campanas-industriales-led-173,mobile,,,,,,,,0,,HTTP Error 429: Too Many Requests
2026-09-23T14:02:31Z,Catálogo - Campanas Industriales,https://filux.com/es/campanas-industriales-led-173,desktop,,,,,,,,0,,HTTP Error 429: Too Many Requests
2026-09-23T14:02:31Z,Catálogo - Focos Proyectores,https://filux.com/es/focos-proyectores-led-174,mobile,,,,,,,,0,,HTTP Error 429: Too Many Requests
2026-09-23T14:02:31Z,Catálogo - Focos Proyectores,https://filux.com/es/focos-proyectores-led-174,desktop,,,,,,,,0,,HTTP Error 429: Too Many Requests
2026-09-23T14:02:31Z,Ficha Producto - Regulador Tiras LED,https://filux.com/es/tiras-led-outlet/-regulador-monocolor-con-mando-a-distancia-1732.html,mobile,,,,,,,,0,,HTTP Error 429: Too Many Requests
2026-09-23T14:02:31Z,Ficha Producto - Regulador Tiras LED,https://filux.com/es/tiras-led-outlet/-regulador-monocolor-con-mando-a-distancia-1732.html,desktop,,,,,,,,0,,HTTP Error 429: Too Many Requests
2026-09-23T14:02:31Z,Sección - Más Vendidos,https://filux.com/es/mas-vendidos,mobile,,,,,,,,0,,HTTP Error 429: Too Many Requests
2026-09-23T14:02:31Z,Sección - Más Vendidos,https://filux.com/es/mas-vendidos,desktop,,,,,,,,0,,HTTP Error 429: Too Many Requests
2026-09-23T14:02:31Z,Contacto,https://filux.com/es/contactenos,mobile,,,,,,,,0,,HTTP Error 429: Too Many Requests
2026-09-23T14:02:31Z,Contacto,https://filux.com/es/contactenos,desktop,,,,,,,,0,,HTTP Error 429: Too Many Requests
2026-09-23T14:17:58Z,Portada (Home),https://filux.com/es/,mobile,66,4626,2457,0.01625413655439591,463,4672,14768,9,Reduce unused JavaScript (840ms ahorro · 453 KB ahorro),
2026-09-23T14:17:58Z,Portada (Home),https://filux.com/es/,desktop,95,761,536,0.004575912945597825,154,1235,3109,4,Reduce unused CSS (110ms ahorro · 131 KB ahorro),
2026-09-23T14:17:58Z,Catálogo - Campanas Industriales,https://filux.com/es/campanas-industriales-led-173,mobile,57,4052,2437,0.01726702431267466,886,6425,15429,12,Reduce unused CSS (600ms ahorro · 142 KB ahorro),
2026-09-23T14:17:58Z,Catálogo - Campanas Industriales,https://filux.com/es/campanas-industriales-led-173,desktop,58,2738,554,0.00814465766106973,594,1856,3443,10,Reduce unused JavaScript (420ms ahorro · 525 KB ahorro),
2026-09-23T14:17:58Z,Catálogo - Focos Proyectores,https://filux.com/es/focos-proyectores-led-174,mobile,54,6226,2434,0.016878597751383874,626,5615,15232,11,Reduce unused JavaScript (1.20s ahorro · 522 KB ahorro),
2026-09-23T14:17:58Z,Catálogo - Focos Proyectores,https://filux.com/es/focos-proyectores-led-174,desktop,38,4881,740,0.013425137118619304,3735,4167,6991,12,Reduce unused JavaScript (30ms ahorro · 523 KB ahorro),
2026-09-23T14:17:58Z,Ficha Producto - Regulador Tiras LED,https://filux.com/es/tiras-led-outlet/-regulador-monocolor-con-mando-a-distancia-1732.html,mobile,53,7102,2431,0.01629921653854324,652,5083,14187,11,Reduce unused JavaScript (1.38s ahorro · 461 KB ahorro),
2026-09-23T14:17:58Z,Ficha Producto - Regulador Tiras LED,https://filux.com/es/tiras-led-outlet/-regulador-monocolor-con-mando-a-distancia-1732.html,desktop,83,1368,575,0.09014960012182954,241,1614,3178,5,Reduce unused JavaScript (170ms ahorro · 460 KB ahorro),
2026-09-23T14:17:58Z,Sección - Más Vendidos,https://filux.com/es/mas-vendidos,mobile,67,5557,2418,0.01725799398198696,294,4553,13860,8,Reduce unused JavaScript (900ms ahorro · 477 KB ahorro),
2026-09-23T14:17:58Z,Sección - Más Vendidos,https://filux.com/es/mas-vendidos,desktop,74,2456,542,0.006708298824413542,277,1578,2550,5,Reduce unused JavaScript (310ms ahorro · 476 KB ahorro),
2026-09-23T14:17:58Z,Contacto,https://filux.com/es/contactenos,mobile,48,14385,2428,0.016621563061515462,832,5475,15777,11,Reduce unused JavaScript (3.90s ahorro · 833 KB ahorro),
2026-09-23T14:17:58Z,Contacto,https://filux.com/es/contactenos,desktop,70,2953,784,0.004323420552856025,288,1452,3423,6,Reduce unused JavaScript (680ms ahorro · 834 KB ahorro),
2026-09-24T13:11:28Z,Portada (Home),https://filux.com/es/,mobile,60,5101,2424,0.016498831640048374,523,5931,15135,10,Reduce unused JavaScript (990ms ahorro · 449 KB ahorro),
2026-09-24T13:11:28Z,Portada (Home),https://filux.com/es/,desktop,76,1192,726,0.005278664377214353,436,1705,3232,5,Reduce unused JavaScript (160ms ahorro · 453 KB ahorro),
2026-09-24T13:11:28Z,Catálogo - Campanas Industriales,https://filux.com/es/campanas-industriales-led-173,mobile,77,3151,2423,0.016006639255450233,358,6107,14879,8,Reduce unused CSS (580ms ahorro · 142 KB ahorro),
2026-09-24T13:11:28Z,Catálogo - Campanas Industriales,https://filux.com/es/campanas-industriales-led-173,desktop,70,2781,726,0.00745580679541441,282,1895,3206,6,Reduce unused JavaScript (460ms ahorro · 525 KB ahorro),
2026-09-24T13:11:28Z,Catálogo - Focos Proyectores,https://filux.com/es/focos-proyectores-led-174,mobile,53,5642,2435,0.01726702431267466,676,6390,15180,13,Reduce unused CSS (600ms ahorro · 142 KB ahorro),
2026-09-24T13:11:28Z,Catálogo - Focos Proyectores,https://filux.com/es/focos-proyectores-led-174,desktop,56,2767,554,0.008143784081755324,576,2319,3371,11,Reduce unused JavaScript (600ms ahorro · 526 KB ahorro),
2026-09-24T13:11:28Z,Ficha Producto - Regulador Tiras LED,https://filux.com/es/tiras-led-outlet/-regulador-monocolor-con-mando-a-distancia-1732.html,mobile,56,6544,2421,0.13763627409552026,364,5450,13751,8,Reduce unused JavaScript (1.20s ahorro · 461 KB ahorro),
2026-09-24T13:11:28Z,Ficha Producto - Regulador Tiras LED,https://filux.com/es/tiras-led-outlet/-regulador-monocolor-con-mando-a-distancia-1732.html,desktop,69,1327,587,0.0896355960664159,569,1747,3349,8,Reduce unused JavaScript (120ms ahorro · 461 KB ahorro),
2026-09-24T13:11:28Z,Sección - Más Vendidos,https://filux.com/es/mas-vendidos,mobile,53,4501,2430,0.01725799398198696,1088,5888,14070,14,Reduce unused CSS (600ms ahorro · 133 KB ahorro),
2026-09-24T13:11:28Z,Sección - Más Vendidos,https://filux.com/es/mas-vendidos,desktop,43,3554,758,0.005019951453224708,2395,2971,4973,11,Reduce unused JavaScript (240ms ahorro · 477 KB ahorro),
2026-09-24T13:11:28Z,Contacto,https://filux.com/es/contactenos,mobile,56,14368,2416,0.016621563061515462,441,5865,15856,9,Reduce unused JavaScript (4.19s ahorro · 833 KB ahorro),
2026-09-24T13:11:28Z,Contacto,https://filux.com/es/contactenos,desktop,54,3270,545,0.004323420552856025,678,1712,3661,10,Reduce unused JavaScript (910ms ahorro · 834 KB ahorro),
2026-09-25T13:14:48Z,Portada (Home),https://filux.com/es/,mobile,65,3752,2431,0.016488977112512196,634,5856,13351,10,Reduce unused CSS (750ms ahorro · 131 KB ahorro),
2026-09-25T13:14:48Z,Portada (Home),https://filux.com/es/,desktop,68,999,557,0.0045977730218890265,741,2049,3037,8,Reduce unused JavaScript (40ms ahorro · 454 KB ahorro),
2026-09-25T13:14:48Z,Catálogo - Campanas Industriales,https://filux.com/es/campanas-industriales-led-173,mobile,,,,,,,,0,,HTTP Error 500: Internal Server Error
2026-09-25T13:14:48Z,Catálogo - Campanas Industriales,https://filux.com/es/campanas-industriales-led-173,desktop,,,,,,,,0,,The read operation timed out
2026-09-25T13:14:48Z,Catálogo - Focos Proyectores,https://filux.com/es/focos-proyectores-led-174,mobile,,,,,,,,0,,HTTP Error 500: Internal Server Error
2026-09-25T13:14:48Z,Catálogo - Focos Proyectores,https://filux.com/es/focos-proyectores-led-174,desktop,,,,,,,,0,,The read operation timed out
2026-09-25T13:14:48Z,Ficha Producto - Regulador Tiras LED,https://filux.com/es/tiras-led-outlet/-regulador-monocolor-con-mando-a-distancia-1732.html,mobile,,,,,,,,0,,HTTP Error 500: Internal Server Error
2026-09-25T13:14:48Z,Ficha Producto - Regulador Tiras LED,https://filux.com/es/tiras-led-outlet/-regulador-monocolor-con-mando-a-distancia-1732.html,desktop,,,,,,,,0,,HTTP Error 500: Internal Server Error
2026-09-25T13:14:48Z,Sección - Más Vendidos,https://filux.com/es/mas-vendidos,mobile,51,5252,2450,0.01725799398198696,802,7113,12745,12,Reduce unused CSS (900ms ahorro · 133 KB ahorro),
2026-09-25T13:14:48Z,Sección - Más Vendidos,https://filux.com/es/mas-vendidos,desktop,,,,,,,,0,,HTTP Error 500: Internal Server Error
2026-09-25T13:14:48Z,Contacto,https://filux.com/es/contactenos,mobile,,,,,,,,0,,HTTP Error 500: Internal Server Error
2026-09-25T13:14:48Z,Contacto,https://filux.com/es/contactenos,desktop,69,3043,726,0.0043364165001284856,276,1816,3066,5,Reduce unused JavaScript (640ms ahorro · 835 KB ahorro),
2026-09-26T12:39:51Z,Portada (Home),https://filux.com/es/,mobile,75,3151,2429,0.016488977112512196,442,5707,12807,9,Reduce unused CSS (570ms ahorro · 131 KB ahorro),
2026-09-26T12:39:51Z,Portada (Home),https://filux.com/es/,desktop,65,1233,556,0.004584777074616566,1209,1900,3363,9,Reduce unused JavaScript (120ms ahorro · 455 KB ahorro),
2026-09-26T12:39:51Z,Catálogo - Campanas Industriales,https://filux.com/es/campanas-industriales-led-173,mobile,82,3601,2418,0.016006639255450233,92,5406,13042,6,Reduce unused CSS (730ms ahorro · 142 KB ahorro),
2026-09-26T12:39:51Z,Catálogo - Campanas Industriales,https://filux.com/es/campanas-industriales-led-173,desktop,64,2957,755,0.00745580679541441,305,2600,2963,6,Reduce unused JavaScript (400ms ahorro · 527 KB ahorro),
2026-09-26T12:39:51Z,Catálogo - Focos Proyectores,https://filux.com/es/focos-proyectores-led-174,mobile,61,6676,2424,0.015924522541332285,396,5083,13338,7,Reduce unused JavaScript (1.20s ahorro · 524 KB ahorro),
2026-09-26T12:39:51Z,Catálogo - Focos Proyectores,https://filux.com/es/focos-proyectores-led-174,desktop,64,2892,542,0.008143784081755324,358,2197,2898,7,Reduce unused JavaScript (440ms ahorro · 527 KB ahorro),
2026-09-26T12:39:51Z,Ficha Producto - Regulador Tiras LED,https://filux.com/es/tiras-led-outlet/-regulador-monocolor-con-mando-a-distancia-1732.html,mobile,40,6621,2441,0.13864135018101942,1141,6099,12094,13,Reduce unused JavaScript (1.07s ahorro · 461 KB ahorro),
2026-09-26T12:39:51Z,Ficha Producto - Regulador Tiras LED,https://filux.com/es/tiras-led-outlet/-regulador-monocolor-con-mando-a-distancia-1732.html,desktop,78,1281,579,0.0898883863270959,297,2043,2569,4,Reduce unused JavaScript (150ms ahorro · 461 KB ahorro),
2026-09-26T12:39:51Z,Sección - Más Vendidos,https://filux.com/es/mas-vendidos,mobile,55,5476,2440,0.01725799398198696,658,5564,12429,13,Reduce unused JavaScript (750ms ahorro · 478 KB ahorro),
2026-09-26T12:39:51Z,Sección - Más Vendidos,https://filux.com/es/mas-vendidos,desktop,71,2548,726,0.006708298824413542,271,2095,2550,5,Reduce unused JavaScript (400ms ahorro · 479 KB ahorro),
2026-09-26T12:39:51Z,Contacto,https://filux.com/es/contactenos,mobile,45,14490,2423,0.01736621102819245,917,6666,14604,12,Reduce unused JavaScript (4.12s ahorro · 835 KB ahorro),
2026-09-26T12:39:51Z,Contacto,https://filux.com/es/contactenos,desktop,51,3185,547,0.004323420552856025,913,1899,3297,9,Reduce unused JavaScript (520ms ahorro · 835 KB ahorro),
2026-09-27T13:31:23Z,Portada (Home),https://filux.com/es/,mobile,75,3752,2421,0.016488977112512196,265,6331,13127,7,Reduce unused CSS (750ms ahorro · 131 KB ahorro),
2026-09-27T13:31:23Z,Portada (Home),https://filux.com/es/,desktop,88,761,538,0.004575912945597825,243,1781,2620,4,Reduce unused CSS (100ms ahorro · 131 KB ahorro),
2026-09-27T13:31:23Z,Catálogo - Campanas Industriales,https://filux.com/es/campanas-industriales-led-173,mobile,,,,,,,,0,,The read operation timed out
2026-09-27T13:31:23Z,Catálogo - Campanas Industriales,https://filux.com/es/campanas-industriales-led-173,desktop,82,2582,755,0.00745580679541441,96,1780,2590,6,Reduce unused JavaScript (360ms ahorro · 527 KB ahorro),
2026-09-27T13:31:23Z,Catálogo - Focos Proyectores,https://filux.com/es/focos-proyectores-led-174,mobile,51,7547,2434,0.015924522541332285,692,6015,13368,12,Reduce unused JavaScript (900ms ahorro · 527 KB ahorro),
2026-09-27T13:31:23Z,Catálogo - Focos Proyectores,https://filux.com/es/focos-proyectores-led-174,desktop,,,,,,,,0,,The read operation timed out
2026-09-27T13:31:23Z,Ficha Producto - Regulador Tiras LED,https://filux.com/es/tiras-led-outlet/-regulador-monocolor-con-mando-a-distancia-1732.html,mobile,54,6559,2431,0.01601726753137291,650,5112,11942,11,Reduce unused JavaScript (1.20s ahorro · 463 KB ahorro),
2026-09-27T13:31:23Z,Ficha Producto - Regulador Tiras LED,https://filux.com/es/tiras-led-outlet/-regulador-monocolor-con-mando-a-distancia-1732.html,desktop,,,,,,,,0,,The read operation timed out
2026-09-27T13:31:23Z,Sección - Más Vendidos,https://filux.com/es/mas-vendidos,mobile,60,5551,2428,3.28670889985101e-05,436,6430,12068,10,Reduce unused CSS (570ms ahorro · 133 KB ahorro),
2026-09-27T13:31:23Z,Sección - Más Vendidos,https://filux.com/es/mas-vendidos,desktop,61,2273,549,0.00902084127971162,588,2030,2723,8,Reduce unused JavaScript (270ms ahorro · 478 KB ahorro),
2026-09-27T13:31:23Z,Contacto,https://filux.com/es/contactenos,mobile,51,14232,2422,0.016621563061515462,628,6145,14562,11,Reduce unused JavaScript (3.90s ahorro · 835 KB ahorro),
2026-09-27T13:31:23Z,Contacto,https://filux.com/es/contactenos,desktop,54,3174,538,0.005026171984472554,694,1891,3174,8,Reduce unused JavaScript (680ms ahorro · 835 KB ahorro),
2026-09-28T16:26:34Z,Portada (Home),https://filux.com/es/,mobile,71,3751,2420,0.016498831640048374,438,5434,12777,7,Reduce unused JavaScript (450ms ahorro · 455 KB ahorro),
2026-09-28T16:26:34Z,Portada (Home),https://filux.com/es/,desktop,88,766,726,0.004575912945597825,230,1939,2648,5,Reduce unused CSS (40ms ahorro · 131 KB ahorro),
2026-09-28T16:26:34Z,Catálogo - Campanas Industriales,https://filux.com/es/campanas-industriales-led-173,mobile,55,5551,2430,0.01625413655439591,662,5510,13840,11,Reduce unused JavaScript (1.39s ahorro · 527 KB ahorro),
2026-09-28T16:26:34Z,Catálogo - Campanas Industriales,https://filux.com/es/campanas-industriales-led-173,desktop,57,2396,555,0.00745580679541441,724,2141,3065,11,Reduce unused JavaScript (490ms ahorro · 525 KB ahorro),
2026-09-28T16:26:34Z,Catálogo - Focos Proyectores,https://filux.com/es/focos-proyectores-led-174,mobile,62,6635,2426,0.015924522541332285,316,5837,13233,10,Reduce unused JavaScript (520ms ahorro · 526 KB ahorro),
2026-09-28T16:26:34Z,Catálogo - Focos Proyectores,https://filux.com/es/focos-proyectores-led-174,desktop,61,2776,548,0.008832634947410645,464,2008,2861,8,Reduce unused JavaScript (470ms ahorro · 527 KB ahorro),
2026-09-28T16:26:34Z,Ficha Producto - Regulador Tiras LED,https://filux.com/es/tiras-led-outlet/-regulador-monocolor-con-mando-a-distancia-1732.html,mobile,62,6061,2421,0.01629921653854324,368,5183,11876,7,Reduce unused JavaScript (960ms ahorro · 463 KB ahorro),
2026-09-28T16:26:34Z,Ficha Producto - Regulador Tiras LED,https://filux.com/es/tiras-led-outlet/-regulador-monocolor-con-mando-a-distancia-1732.html,desktop,73,1429,577,0.08893284463479938,383,2009,2611,6,Reduce unused JavaScript (160ms ahorro · 461 KB ahorro),
2026-09-28T16:26:34Z,Sección - Más Vendidos,https://filux.com/es/mas-vendidos,mobile,67,5551,2423,0.01725799398198696,263,5419,12318,8,Reduce unused JavaScript (900ms ahorro · 479 KB ahorro),
2026-09-28T16:26:34Z,Sección - Más Vendidos,https://filux.com/es/mas-vendidos,desktop,,,,,,,,0,,The read operation timed out
2026-09-28T16:26:34Z,Contacto,https://filux.com/es/contactenos,mobile,46,11407,2423,0.016621563061515462,868,6098,14475,11,Reduce unused JavaScript (3.30s ahorro · 836 KB ahorro),
2026-09-28T16:26:34Z,Contacto,https://filux.com/es/contactenos,desktop,54,3118,756,0.004323420552856025,647,1888,3179,6,Reduce unused JavaScript (670ms ahorro · 832 KB ahorro),
2026-09-29T14:36:38Z,Portada (Home),https://filux.com/es/,mobile,76,4202,2274,0.04513767792671978,174,5411,13145,6,Reduce unused JavaScript (600ms ahorro · 430 KB ahorro),
2026-09-29T14:36:38Z,Portada (Home),https://filux.com/es/,desktop,78,824,784,0.005276448344959668,421,1498,2772,4,Reduce unused JavaScript (40ms ahorro · 430 KB ahorro),
2026-09-29T14:36:38Z,Catálogo - Campanas Industriales,https://filux.com/es/campanas-industriales-led-173,mobile,74,3001,2278,0.029007217372651953,490,6075,12745,7,Reduce unused CSS (420ms ahorro · 113 KB ahorro),
2026-09-29T14:36:38Z,Catálogo - Campanas Industriales,https://filux.com/es/campanas-industriales-led-173,desktop,54,2390,555,0.008617845461521174,1144,2199,3015,9,Reduce unused JavaScript (130ms ahorro · 502 KB ahorro),
2026-09-29T14:36:38Z,Catálogo - Focos Proyectores,https://filux.com/es/focos-proyectores-led-174,mobile,50,6508,2274,0.11437172430129504,694,5314,13638,12,Reduce unused JavaScript (1.35s ahorro · 499 KB ahorro),
2026-09-29T14:36:38Z,Catálogo - Focos Proyectores,https://filux.com/es/focos-proyectores-led-174,desktop,57,2909,544,0.00814333759229364,504,2419,2913,8,Reduce unused JavaScript (480ms ahorro · 502 KB ahorro),
2026-09-29T14:36:38Z,Ficha Producto - Regulador Tiras LED,https://filux.com/es/tiras-led-outlet/-regulador-monocolor-con-mando-a-distancia-1732.html,mobile,55,5206,2282,0.12509991757431288,560,5848,11390,10,Reduce unused JavaScript (660ms ahorro · 439 KB ahorro),
2026-09-29T14:36:38Z,Ficha Producto - Regulador Tiras LED,https://filux.com/es/tiras-led-outlet/-regulador-monocolor-con-mando-a-distancia-1732.html,desktop,61,1301,726,0.08963338003416121,964,2448,2875,8,Reduce unused JavaScript (160ms ahorro · 438 KB ahorro),
2026-09-29T14:36:38Z,Sección - Más Vendidos,https://filux.com/es/mas-vendidos,mobile,54,6615,2885,0.029035236594018993,558,5581,11940,7,Reduce unused JavaScript (1.35s ahorro · 454 KB ahorro),
2026-09-29T14:36:38Z,Sección - Más Vendidos,https://filux.com/es/mas-vendidos,desktop,55,2420,539,0.007183256167657987,1045,1941,2952,9,Reduce unused JavaScript (220ms ahorro · 453 KB ahorro),
2026-09-29T14:36:38Z,Contacto,https://filux.com/es/contactenos,mobile,49,14021,2270,0.032236775499973225,740,6231,14103,10,Reduce unused JavaScript (4.05s ahorro · 811 KB ahorro),
2026-09-29T14:36:38Z,Contacto,https://filux.com/es/contactenos,desktop,,,,,,,,0,,The read operation timed out
2026-09-30T14:36:23Z,Portada (Home),https://filux.com/es/,mobile,45,4351,2900,1.257796060072454e-05,2387,7338,13618,11,Reduce unused CSS (300ms ahorro · 102 KB ahorro),
2026-09-30T14:36:23Z,Portada (Home),https://filux.com/es/,desktop,65,1001,755,0.007192794806157614,1125,2102,3043,9,Reduce unused CSS (80ms ahorro · 102 KB ahorro),
2026-09-30T14:36:23Z,Catálogo - Campanas Industriales,https://filux.com/es/campanas-industriales-led-173,mobile,64,3901,2885,0.002275831465189645,522,6231,12873,7,Reduce unused CSS (430ms ahorro · 113 KB ahorro),
2026-09-30T14:36:23Z,Catálogo - Campanas Industriales,https://filux.com/es/campanas-industriales-led-173,desktop,78,2702,726,0.006663414695293327,163,1909,2757,5,Reduce unused JavaScript (440ms ahorro · 507 KB ahorro),
2026-09-30T14:36:23Z,Catálogo - Focos Proyectores,https://filux.com/es/focos-proyectores-led-174,mobile,69,4501,2870,6.382150378886158e-05,252,6491,12869,9,Reduce unused JavaScript (600ms ahorro · 501 KB ahorro),
2026-09-30T14:36:23Z,Catálogo - Focos Proyectores,https://filux.com/es/focos-proyectores-led-174,desktop,69,2854,766,0.00634495071454729,266,2115,2865,5,Reduce unused JavaScript (400ms ahorro · 505 KB ahorro),
2026-09-30T14:36:23Z,Ficha Producto - Regulador Tiras LED,https://filux.com/es/tiras-led-outlet/-regulador-monocolor-con-mando-a-distancia-1732.html,mobile,55,7016,2870,0.12604772082552068,340,5553,11322,7,Reduce unused JavaScript (1.11s ahorro · 439 KB ahorro),
2026-09-30T14:36:23Z,Ficha Producto - Regulador Tiras LED,https://filux.com/es/tiras-led-outlet/-regulador-monocolor-con-mando-a-distancia-1732.html,desktop,73,1178,726,0.08766454315562396,452,1642,2570,7,Reduce unused JavaScript (120ms ahorro · 443 KB ahorro),
2026-09-30T14:36:23Z,Sección - Más Vendidos,https://filux.com/es/mas-vendidos,mobile,53,4801,2891,0.0001572943850679497,800,6442,12058,12,Reduce unused CSS (410ms ahorro · 104 KB ahorro),
2026-09-30T14:36:23Z,Sección - Más Vendidos,https://filux.com/es/mas-vendidos,desktop,63,2661,727,0.006663414695293327,436,1880,2663,7,Reduce unused JavaScript (440ms ahorro · 456 KB ahorro),
2026-09-30T14:36:23Z,Contacto,https://filux.com/es/contactenos,mobile,41,14309,2871,0.001503168420526503,1053,7587,14310,12,Reduce unused JavaScript (4.16s ahorro · 813 KB ahorro),
2026-09-30T14:36:23Z,Contacto,https://filux.com/es/contactenos,desktop,59,2951,726,0.003961138153046799,509,1858,2951,6,Reduce unused JavaScript (640ms ahorro · 813 KB ahorro),
2026-10-01T15:04:57Z,Portada (Home),https://filux.com/es/,mobile,68,3620,3038,0.004720555198491183,502,5187,12771,9,Reduce unused CSS (450ms ahorro · 102 KB ahorro),
2026-10-01T15:04:57Z,Portada (Home),https://filux.com/es/,desktop,74,1022,727,0.0017683212145468419,508,1779,2803,6,Reduce unused CSS (80ms ahorro · 102 KB ahorro),
2026-10-01T15:04:57Z,Catálogo - Campanas Industriales,https://filux.com/es/campanas-industriales-led-173,mobile,57,4070,3059,0.002275831465189645,732,6822,12994,13,Reduce unused CSS (450ms ahorro · 113 KB ahorro),
2026-10-01T15:04:57Z,Catálogo - Campanas Industriales,https://filux.com/es/campanas-industriales-led-173,desktop,78,2749,727,0.006017203573228898,162,1777,2753,5,Reduce unused JavaScript (520ms ahorro · 507 KB ahorro),
2026-10-01T15:04:57Z,Catálogo - Focos Proyectores,https://filux.com/es/focos-proyectores-led-174,mobile,51,9563,3023,6.382150378886158e-05,483,6781,12936,9,Reduce unused JavaScript (750ms ahorro · 506 KB ahorro),
2026-10-01T15:04:57Z,Catálogo - Focos Proyectores,https://filux.com/es/focos-proyectores-led-174,desktop,49,3153,728,0.0059192242066529914,935,2256,3153,10,Reduce unused JavaScript (730ms ahorro · 505 KB ahorro),
2026-10-01T15:04:57Z,Ficha Producto - Regulador Tiras LED,https://filux.com/es/tiras-led-outlet/-regulador-monocolor-con-mando-a-distancia-1732.html,mobile,41,5551,3038,0.12604772082552068,1099,6376,11699,13,Reduce unused JavaScript (750ms ahorro · 443 KB ahorro),
2026-10-01T15:04:57Z,Ficha Producto - Regulador Tiras LED,https://filux.com/es/tiras-led-outlet/-regulador-monocolor-con-mando-a-distancia-1732.html,desktop,64,1731,726,0.08976324071810786,536,1999,2524,6,Reduce unused JavaScript (160ms ahorro · 442 KB ahorro),
2026-10-01T15:04:57Z,Sección - Más Vendidos,https://filux.com/es/mas-vendidos,mobile,54,9689,3041,0.0001572943850679497,422,6031,11792,8,Reduce unused JavaScript (1.62s ahorro · 459 KB ahorro),
2026-10-01T15:04:57Z,Sección - Más Vendidos,https://filux.com/es/mas-vendidos,desktop,60,1781,755,0.0066008345413320615,1096,1846,2953,9,Reduce unused JavaScript (170ms ahorro · 458 KB ahorro),
2026-10-01T15:04:57Z,Contacto,https://filux.com/es/contactenos,mobile,43,14206,3035,0.001503168420526503,890,6520,14280,12,Reduce unused JavaScript (4.07s ahorro · 815 KB ahorro),
2026-10-01T15:04:57Z,Contacto,https://filux.com/es/contactenos,desktop,57,2789,726,0.002077086332811335,520,2481,2799,7,Reduce unused JavaScript (530ms ahorro · 817 KB ahorro),
2026-10-02T14:26:41Z,Portada (Home),https://filux.com/es/,mobile,66,3151,2736,1.257796060072454e-05,688,6640,12761,9,Reduce unused CSS (410ms ahorro · 87 KB ahorro),
2026-10-02T14:26:41Z,Portada (Home),https://filux.com/es/,desktop,76,966,726,0.0015808830881073538,510,1395,2792,5,Reduce unused CSS (40ms ahorro · 87 KB ahorro),
2026-10-02T14:26:41Z,Catálogo - Campanas Industriales,https://filux.com/es/campanas-industriales-led-173,mobile,77,3826,2735,0.002275831465189645,153,5971,12864,5,Reduce unused CSS (570ms ahorro · 98 KB ahorro),
2026-10-02T14:26:41Z,Catálogo - Campanas Industriales,https://filux.com/es/campanas-industriales-led-173,desktop,65,2578,757,0.005019951453224708,350,2485,2707,6,Reduce unused JavaScript (410ms ahorro · 506 KB ahorro),
2026-10-02T14:26:41Z,Catálogo - Focos Proyectores,https://filux.com/es/focos-proyectores-led-174,mobile,54,9660,2765,6.382150378886158e-05,406,6925,13102,9,Reduce unused JavaScript (1.65s ahorro · 507 KB ahorro),
2026-10-02T14:26:41Z,Catálogo - Focos Proyectores,https://filux.com/es/focos-proyectores-led-174,desktop,54,2398,756,0.005019951453224708,1335,2041,3243,9,Reduce unused JavaScript (120ms ahorro · 507 KB ahorro),
2026-10-02T14:26:41Z,Ficha Producto - Regulador Tiras LED,https://filux.com/es/tiras-led-outlet/-regulador-monocolor-con-mando-a-distancia-1732.html,mobile,49,5034,2706,0.12604772082552068,813,5719,11958,10,Reduce unused JavaScript (600ms ahorro · 442 KB ahorro),
2026-10-02T14:26:41Z,Ficha Producto - Regulador Tiras LED,https://filux.com/es/tiras-led-outlet/-regulador-monocolor-con-mando-a-distancia-1732.html,desktop,61,1436,727,0.08047769119583069,1169,1962,2993,9,Reduce unused JavaScript (40ms ahorro · 442 KB ahorro),
2026-10-02T14:26:41Z,Sección - Más Vendidos,https://filux.com/es/mas-vendidos,mobile,56,10929,2706,0.0001572943850679497,360,6474,11933,8,Reduce unused JavaScript (2.10s ahorro · 458 KB ahorro),
2026-10-02T14:26:41Z,Sección - Más Vendidos,https://filux.com/es/mas-vendidos,desktop,62,2646,726,0.005019951453224708,464,1856,2655,6,Reduce unused JavaScript (280ms ahorro · 457 KB ahorro),
2026-10-02T14:26:41Z,Contacto,https://filux.com/es/contactenos,mobile,54,14604,2706,0.0003157068110781861,462,6090,14604,8,Reduce unused JavaScript (4.35s ahorro · 813 KB ahorro),
2026-10-02T14:26:41Z,Contacto,https://filux.com/es/contactenos,desktop,73,3188,784,0.005110845973836659,192,1800,3226,5,Reduce unused JavaScript (720ms ahorro · 812 KB ahorro),
2026-10-03T13:01:36Z,Portada (Home),https://filux.com/es/,mobile,64,5093,2708,0,401,5267,12467,7,Reduce unused JavaScript (880ms ahorro · 434 KB ahorro),
2026-10-03T13:01:36Z,Portada (Home),https://filux.com/es/,desktop,95,841,756,0.00583306964787919,133,1364,2599,3,Reduce unused CSS (90ms ahorro · 87 KB ahorro),
2026-10-03T13:01:36Z,Catálogo - Campanas Industriales,https://filux.com/es/campanas-industriales-led-173,mobile,59,4994,2735,0.000183102496819066,524,6103,12904,7,Reduce unused JavaScript (900ms ahorro · 506 KB ahorro),
2026-10-03T13:01:36Z,Catálogo - Campanas Industriales,https://filux.com/es/campanas-industriales-led-173,desktop,54,2847,755,0.006663414695293327,750,1860,2853,9,Reduce unused JavaScript (450ms ahorro · 507 KB ahorro),
2026-10-03T13:01:36Z,Catálogo - Focos Proyectores,https://filux.com/es/focos-proyectores-led-174,mobile,53,6989,2735,6.382150378886158e-05,604,5183,13412,12,Reduce unused JavaScript (1.20s ahorro · 506 KB ahorro),
2026-10-03T13:01:36Z,Catálogo - Focos Proyectores,https://filux.com/es/focos-proyectores-led-174,desktop,67,2839,755,0.005698739592482861,337,1728,2845,4,Reduce unused JavaScript (480ms ahorro · 507 KB ahorro),
2026-10-03T13:01:36Z,Ficha Producto - Regulador Tiras LED,https://filux.com/es/tiras-led-outlet/-regulador-monocolor-con-mando-a-distancia-1732.html,mobile,51,4951,2764,0.12561311107692322,679,5988,11761,11,Reduce unused JavaScript (600ms ahorro · 442 KB ahorro),
2026-10-03T13:01:36Z,Ficha Producto - Regulador Tiras LED,https://filux.com/es/tiras-led-outlet/-regulador-monocolor-con-mando-a-distancia-1732.html,desktop,80,1617,755,0.08766454315562396,275,1454,2552,5,Reduce unused JavaScript (240ms ahorro · 441 KB ahorro),
2026-10-03T13:01:36Z,Sección - Más Vendidos,https://filux.com/es/mas-vendidos,mobile,46,4501,2714,0.0001572943850679497,1905,6534,12040,13,Reduce unused CSS (300ms ahorro · 89 KB ahorro),
2026-10-03T13:01:36Z,Sección - Más Vendidos,https://filux.com/es/mas-vendidos,desktop,69,2440,755,0.03429564869755502,370,1504,2508,7,Reduce unused JavaScript (400ms ahorro · 457 KB ahorro),
2026-10-03T13:01:36Z,Contacto,https://filux.com/es/contactenos,mobile,40,14305,2706,0.0013677457113920356,1418,6325,14469,12,Reduce unused JavaScript (3.75s ahorro · 815 KB ahorro),
2026-10-03T13:01:36Z,Contacto,https://filux.com/es/contactenos,desktop,48,3610,729,0.007065757365749648,1516,1813,3612,10,Reduce unused JavaScript (510ms ahorro · 816 KB ahorro),
2026-10-04T13:40:22Z,Portada (Home),https://filux.com/es/,mobile,79,3751,2706,0.004720555198491183,146,5428,12856,5,Reduce unused CSS (450ms ahorro · 86 KB ahorro),
2026-10-04T13:40:22Z,Portada (Home),https://filux.com/es/,desktop,83,859,756,0.01115244574600898,336,1352,2585,3,Reduce unused JavaScript (434 KB ahorro),
2026-10-04T13:40:22Z,Catálogo - Campanas Industriales,https://filux.com/es/campanas-industriales-led-173,mobile,75,4201,2735,0.002275831465189645,226,4584,13016,6,Reduce unused CSS (450ms ahorro · 98 KB ahorro),
2026-10-04T13:40:22Z,Catálogo - Campanas Industriales,https://filux.com/es/campanas-industriales-led-173,desktop,67,2847,756,0.0066008345413320615,342,1721,2853,7,Reduce unused JavaScript (520ms ahorro · 507 KB ahorro),
2026-10-04T13:40:22Z,Catálogo - Focos Proyectores,https://filux.com/es/focos-proyectores-led-174,mobile,62,5782,2706,6.382150378886158e-05,376,4829,13132,6,Reduce unused JavaScript (900ms ahorro · 505 KB ahorro),
2026-10-04T13:40:22Z,Catálogo - Focos Proyectores,https://filux.com/es/focos-proyectores-led-174,desktop,57,2274,726,0.0070225041992692016,827,1975,2922,7,Reduce unused JavaScript (250ms ahorro · 507 KB ahorro),
2026-10-04T13:40:22Z,Ficha Producto - Regulador Tiras LED,https://filux.com/es/tiras-led-outlet/-regulador-monocolor-con-mando-a-distancia-1732.html,mobile,54,7249,2736,0.12604772082552068,418,4868,11868,7,Reduce unused JavaScript (1.28s ahorro · 442 KB ahorro),
2026-10-04T13:40:22Z,Ficha Producto - Regulador Tiras LED,https://filux.com/es/tiras-led-outlet/-regulador-monocolor-con-mando-a-distancia-1732.html,desktop,80,1569,755,0.08047769119583069,284,1384,2474,4,Reduce unused JavaScript (120ms ahorro · 440 KB ahorro),
2026-10-04T13:40:22Z,Sección - Más Vendidos,https://filux.com/es/mas-vendidos,mobile,64,8517,2706,0.0001572943850679497,186,5502,12195,6,Reduce unused JavaScript (1.20s ahorro · 462 KB ahorro),
2026-10-04T13:40:22Z,Sección - Más Vendidos,https://filux.com/es/mas-vendidos,desktop,63,2510,755,0.006017203573228898,490,1559,2531,6,Reduce unused JavaScript (390ms ahorro · 458 KB ahorro),
2026-10-04T13:40:22Z,Contacto,https://filux.com/es/contactenos,mobile,52,14780,2706,0.001503168420526503,594,5479,14945,6,Reduce unused JavaScript (4.80s ahorro · 816 KB ahorro),
2026-10-04T13:40:22Z,Contacto,https://filux.com/es/contactenos,desktop,79,2991,726,0.003961138153046799,154,1353,3032,5,Reduce unused JavaScript (860ms ahorro · 820 KB ahorro),
2026-10-05T16:47:16Z,Portada (Home),https://filux.com/es/,mobile,78,4051,2735,0.004720555198491183,178,4531,12545,7,Reduce unused CSS (450ms ahorro · 86 KB ahorro),
2026-10-05T16:47:16Z,Portada (Home),https://filux.com/es/,desktop,70,1021,726,0.0015808830881073538,659,1765,2736,6,Reduce unused CSS (80ms ahorro · 87 KB ahorro),
2026-10-05T16:47:16Z,Catálogo - Campanas Industriales,https://filux.com/es/campanas-industriales-led-173,mobile,63,4051,2735,0.002275831465189645,619,5625,13054,10,Reduce unused CSS (450ms ahorro · 98 KB ahorro),
2026-10-05T16:47:16Z,Catálogo - Campanas Industriales,https://filux.com/es/campanas-industriales-led-173,desktop,66,2864,726,0.007034784095782735,331,1956,2870,7,Reduce unused JavaScript (360ms ahorro · 506 KB ahorro),
2026-10-05T16:47:16Z,Catálogo - Focos Proyectores,https://filux.com/es/focos-proyectores-led-174,mobile,62,6151,2735,6.382150378886158e-05,348,4974,13079,7,Reduce unused JavaScript (900ms ahorro · 506 KB ahorro),
2026-10-05T16:47:16Z,Catálogo - Focos Proyectores,https://filux.com/es/focos-proyectores-led-174,desktop,73,2484,784,0.005698739592482861,277,1633,2642,7,Reduce unused JavaScript (360ms ahorro · 507 KB ahorro),
2026-10-05T16:47:16Z,Ficha Producto - Regulador Tiras LED,https://filux.com/es/tiras-led-outlet/-regulador-monocolor-con-mando-a-distancia-1732.html,mobile,58,5476,2736,0.12604772082552068,314,7064,11934,9,Reduce unused JavaScript (630ms ahorro · 442 KB ahorro),
2026-10-05T16:47:16Z,Ficha Producto - Regulador Tiras LED,https://filux.com/es/tiras-led-outlet/-regulador-monocolor-con-mando-a-distancia-1732.html,desktop,83,1547,726,0.08766454315562396,214,1724,2549,5,Reduce unused JavaScript (240ms ahorro · 441 KB ahorro),
2026-10-05T16:47:16Z,Sección - Más Vendidos,https://filux.com/es/mas-vendidos,mobile,76,3526,2735,0.0001572943850679497,292,5141,11443,4,Reduce unused CSS (420ms ahorro · 89 KB ahorro),
2026-10-05T16:47:16Z,Sección - Más Vendidos,https://filux.com/es/mas-vendidos,desktop,68,2567,755,0.005613419515350016,370,1584,2573,6,Reduce unused JavaScript (400ms ahorro · 461 KB ahorro),
2026-10-05T16:47:16Z,Contacto,https://filux.com/es/contactenos,mobile,40,14045,2707,0.001503168420526503,1114,7779,14292,11,Reduce unused JavaScript (3.75s ahorro · 816 KB ahorro),
2026-10-05T16:47:16Z,Contacto,https://filux.com/es/contactenos,desktop,64,3008,755,0.006101988869120632,387,1558,3008,7,Reduce unused JavaScript (650ms ahorro · 816 KB ahorro),
2026-10-06T14:44:06Z,Portada (Home),https://filux.com/es/,mobile,71,3601,2735,1.257796060072454e-05,472,4679,12547,4,Reduce unused CSS (270ms ahorro · 87 KB ahorro),
2026-10-06T14:44:06Z,Portada (Home),https://filux.com/es/,desktop,83,1196,755,0.0005934680621253077,308,1335,2510,5,Reduce unused JavaScript (120ms ahorro · 434 KB ahorro),
2026-10-06T14:44:06Z,Catálogo - Campanas Industriales,https://filux.com/es/campanas-industriales-led-173,mobile,71,3601,2706,0.002275831465189645,422,5615,12932,4,Reduce unused CSS (600ms ahorro · 98 KB ahorro),
2026-10-06T14:44:06Z,Catálogo - Campanas Industriales,https://filux.com/es/campanas-industriales-led-173,desktop,57,2701,727,0.0070225041992692016,658,1811,2894,8,Reduce unused JavaScript (410ms ahorro · 507 KB ahorro),
2026-10-06T14:44:06Z,Catálogo - Focos Proyectores,https://filux.com/es/focos-proyectores-led-174,mobile,61,6152,2765,6.382150378886158e-05,275,7324,13213,7,Reduce unused JavaScript (900ms ahorro · 506 KB ahorro),
2026-10-06T14:44:06Z,Catálogo - Focos Proyectores,https://filux.com/es/focos-proyectores-led-174,desktop,64,2789,758,0.006195838157120716,402,1696,2800,7,Reduce unused JavaScript (320ms ahorro · 506 KB ahorro),
2026-10-06T14:44:06Z,Ficha Producto - Regulador Tiras LED,https://filux.com/es/tiras-led-outlet/-regulador-monocolor-con-mando-a-distancia-1732.html,mobile,47,6383,3013,1.257796060072454e-05,950,5289,11097,12,Reduce unused JavaScript (760ms ahorro · 441 KB ahorro),
2026-10-06T14:44:06Z,Ficha Producto - Regulador Tiras LED,https://filux.com/es/tiras-led-outlet/-regulador-monocolor-con-mando-a-distancia-1732.html,desktop,86,1371,772,0.06157600547062342,207,1597,2310,6,Avoid multiple page redirects (204ms ahorro),
2026-10-06T14:44:06Z,Sección - Más Vendidos,https://filux.com/es/mas-vendidos,mobile,60,8587,2764,8.515745177083137e-05,308,5374,11760,7,Reduce unused JavaScript (1.20s ahorro · 454 KB ahorro),
2026-10-06T14:44:06Z,Sección - Más Vendidos,https://filux.com/es/mas-vendidos,desktop,62,2648,726,0.03429564869755502,467,1759,2657,5,Reduce unused JavaScript (280ms ahorro · 455 KB ahorro),
2026-10-06T14:44:06Z,Contacto,https://filux.com/es/contactenos,mobile,51,13997,2735,0.001503168420526503,673,4740,13998,9,Reduce unused JavaScript (3.76s ahorro · 817 KB ahorro),
2026-10-06T14:44:06Z,Contacto,https://filux.com/es/contactenos,desktop,50,3595,755,0.0071879323066479945,1043,1523,3595,10,Reduce unused JavaScript (980ms ahorro · 815 KB ahorro),
2026-10-08T15:12:33Z,Portada (Home),https://filux.com/es/,mobile,69,3826,2855,0.004720555198491183,410,5854,12760,5,Reduce unused CSS (300ms ahorro · 87 KB ahorro),
2026-10-08T15:12:33Z,Portada (Home),https://filux.com/es/,desktop,81,1046,726,0.0015808830881073538,368,1328,2702,4,Reduce unused CSS (80ms ahorro · 87 KB ahorro),
2026-10-08T15:12:33Z,Catálogo - Campanas Industriales,https://filux.com/es/campanas-industriales-led-173,mobile,61,3901,2885,0.002275831465189645,642,6890,13066,9,Reduce unused CSS (570ms ahorro · 98 KB ahorro),
2026-10-08T15:12:33Z,Catálogo - Campanas Industriales,https://filux.com/es/campanas-industriales-led-173,desktop,66,2139,725,0.006579752797249514,476,1835,2710,7,Reduce unused JavaScript (290ms ahorro · 507 KB ahorro),
2026-10-08T15:12:33Z,Catálogo - Focos Proyectores,https://filux.com/es/focos-proyectores-led-174,mobile,50,5921,2855,6.382150378886158e-05,835,5270,13361,10,Reduce unused JavaScript (900ms ahorro · 506 KB ahorro),
2026-10-08T15:12:33Z,Catálogo - Focos Proyectores,https://filux.com/es/focos-proyectores-led-174,desktop,78,2800,755,0.005698739592482861,168,1639,2820,6,Reduce unused JavaScript (440ms ahorro · 511 KB ahorro),
2026-10-08T15:12:33Z,Ficha Producto - Regulador Tiras LED,https://filux.com/es/tiras-led-outlet/-regulador-monocolor-con-mando-a-distancia-1732.html,mobile,48,6348,2890,0.08485254193846826,661,7110,11221,12,Reduce unused JavaScript (910ms ahorro · 442 KB ahorro),
2026-10-08T15:12:33Z,Ficha Producto - Regulador Tiras LED,https://filux.com/es/tiras-led-outlet/-regulador-monocolor-con-mando-a-distancia-1732.html,desktop,64,1688,800,0.06629232226152883,614,2014,2703,11,Reduce unused JavaScript (310ms ahorro · 442 KB ahorro),
2026-10-08T15:12:33Z,Sección - Más Vendidos,https://filux.com/es/mas-vendidos,mobile,59,9512,2706,1.257796060072454e-05,332,5687,12025,9,Reduce unused JavaScript (1.05s ahorro · 463 KB ahorro),
2026-10-08T15:12:33Z,Sección - Más Vendidos,https://filux.com/es/mas-vendidos,desktop,57,2116,726,0.03489448507916384,998,2010,2979,9,Reduce unused JavaScript (160ms ahorro · 459 KB ahorro),
2026-10-08T15:12:33Z,Contacto,https://filux.com/es/contactenos,mobile,41,14127,2706,0.0012000395700490416,1300,6018,14292,12,Reduce unused JavaScript (3.90s ahorro · 816 KB ahorro),
2026-10-08T15:12:33Z,Contacto,https://filux.com/es/contactenos,desktop,54,3177,726,0.0070475803234591305,696,1741,3177,7,Reduce unused JavaScript (680ms ahorro · 817 KB ahorro),
2026-10-09T14:57:42Z,Portada (Home),https://filux.com/es/,mobile,78,3751,2914,0.004720555198491183,200,4677,12325,4,Reduce unused CSS (390ms ahorro · 86 KB ahorro),
2026-10-09T14:57:42Z,Portada (Home),https://filux.com/es/,desktop,75,1056,725,0.002459478842935692,481,1606,2684,4,Reduce unused CSS (80ms ahorro · 87 KB ahorro),
2026-10-09T14:57:42Z,Catálogo - Campanas Industriales,https://filux.com/es/campanas-industriales-led-173,mobile,52,4298,2708,0.000183102496819066,1373,5529,13421,9,Reduce unused CSS (490ms ahorro · 98 KB ahorro),
2026-10-09T14:57:42Z,Catálogo - Campanas Industriales,https://filux.com/es/campanas-industriales-led-173,desktop,57,2845,784,0.02936299706585889,597,1811,2882,6,Reduce unused JavaScript (420ms ahorro · 506 KB ahorro),
2026-10-09T14:57:42Z,Catálogo - Focos Proyectores,https://filux.com/es/focos-proyectores-led-174,mobile,55,6008,2705,1.257796060072454e-05,609,5034,13422,10,Reduce unused JavaScript (900ms ahorro · 506 KB ahorro),
2026-10-09T14:57:42Z,Catálogo - Focos Proyectores,https://filux.com/es/focos-proyectores-led-174,desktop,55,2385,727,0.0070225041992692016,988,2027,3047,9,Reduce unused JavaScript (220ms ahorro · 509 KB ahorro),
2026-10-09T14:57:42Z,Ficha Producto - Regulador Tiras LED,https://filux.com/es/tiras-led-outlet/-regulador-monocolor-con-mando-a-distancia-1732.html,mobile,49,7104,3011,0.08485254193846826,645,5433,11386,14,Reduce unused JavaScript (1.21s ahorro · 444 KB ahorro),
2026-10-09T14:57:42Z,Ficha Producto - Regulador Tiras LED,https://filux.com/es/tiras-led-outlet/-regulador-monocolor-con-mando-a-distancia-1732.html,desktop,76,1403,772,0.06185095023015399,351,1897,2408,7,Avoid multiple page redirects (203ms ahorro),
2026-10-09T14:57:42Z,Sección - Más Vendidos,https://filux.com/es/mas-vendidos,mobile,64,5033,2856,8.515745177083137e-05,419,4763,12440,6,Reduce unused JavaScript (750ms ahorro · 461 KB ahorro),
2026-10-09T14:57:42Z,Sección - Más Vendidos,https://filux.com/es/mas-vendidos,desktop,54,2283,726,0.035033272677222636,1595,2049,3400,8,Reduce unused JavaScript (190ms ahorro · 460 KB ahorro),
2026-10-09T14:57:42Z,Contacto,https://filux.com/es/contactenos,mobile,59,14056,2735,0.001503168420526503,380,4445,14056,6,Reduce unused JavaScript (4.05s ahorro · 817 KB ahorro),
2026-10-09T14:57:42Z,Contacto,https://filux.com/es/contactenos,desktop,63,3053,755,0.0071879323066479945,427,1453,3053,7,Reduce unused JavaScript (640ms ahorro · 818 KB ahorro),
2026-10-10T14:12:49Z,Portada (Home),https://filux.com/es/,mobile,68,4132,2855,0.004720555198491183,452,4252,12723,5,Reduce unused CSS (300ms ahorro · 87 KB ahorro),
2026-10-10T14:12:49Z,Portada (Home),https://filux.com/es/,desktop,90,921,725,0.01121298343825537,227,1201,2651,5,Reduce unused CSS (80ms ahorro · 87 KB ahorro),
2026-10-10T14:12:49Z,Catálogo - Campanas Industriales,https://filux.com/es/campanas-industriales-led-173,mobile,66,4201,2855,0.002275831465189645,486,4894,12915,6,Reduce unused CSS (450ms ahorro · 98 KB ahorro),
2026-10-10T14:12:49Z,Catálogo - Campanas Industriales,https://filux.com/es/campanas-industriales-led-173,desktop,57,2653,725,0.0066008345413320615,692,1814,2863,10,Reduce unused JavaScript (480ms ahorro · 507 KB ahorro),
2026-10-10T14:12:49Z,Catálogo - Focos Proyectores,https://filux.com/es/focos-proyectores-led-174,mobile,50,7041,2735,1.257796060072454e-05,774,4952,13615,12,Reduce unused JavaScript (1.05s ahorro · 507 KB ahorro),
2026-10-10T14:12:49Z,Catálogo - Focos Proyectores,https://filux.com/es/focos-proyectores-led-174,desktop,76,3072,726,0.005698739592482861,157,1922,3078,5,Reduce unused JavaScript (440ms ahorro · 508 KB ahorro),
2026-10-10T14:12:49Z,Ficha Producto - Regulador Tiras LED,https://filux.com/es/tiras-led-outlet/-regulador-monocolor-con-mando-a-distancia-1732.html,mobile,50,6516,3012,0.0002391174230669935,737,5152,11282,12,Reduce unused JavaScript (910ms ahorro · 444 KB ahorro),
2026-10-10T14:12:49Z,Ficha Producto - Regulador Tiras LED,https://filux.com/es/tiras-led-outlet/-regulador-monocolor-con-mando-a-distancia-1732.html,desktop,66,1597,771,0.06157600547062342,589,1940,2654,9,Avoid multiple page redirects (203ms ahorro),
2026-10-10T14:12:49Z,Sección - Más Vendidos,https://filux.com/es/mas-vendidos,mobile,51,8175,2855,8.515745177083137e-05,592,5612,11730,6,Reduce unused JavaScript (740ms ahorro · 459 KB ahorro),
2026-10-10T14:12:49Z,Sección - Más Vendidos,https://filux.com/es/mas-vendidos,desktop,75,2646,725,0.005019951453224708,205,1997,2648,5,Reduce unused JavaScript (320ms ahorro · 457 KB ahorro),
2026-10-10T14:12:49Z,Contacto,https://filux.com/es/contactenos,mobile,50,14993,2706,0.001503168420526503,664,5589,15158,8,Reduce unused JavaScript (4.80s ahorro · 819 KB ahorro),
2026-10-10T14:12:49Z,Contacto,https://filux.com/es/contactenos,desktop,57,3111,726,0.007065757365749648,608,1558,3131,6,Reduce unused JavaScript (650ms ahorro · 817 KB ahorro),
